<application>
  <component name="ProjectManager">
    <defaultProject>
      <component name="DefaultGradleProjectSettings">
        <option name="isMigrated" value="true" />
      </component>
      <component name="GradleLocalSettings">
        <option name="projectSyncType">
          <map>
            <entry key="C:/ADP/bitbucket/account-service" value="PREVIEW" />
            <entry key="C:/ADP/bitbucket/aim-tile-proxy" value="PREVIEW" />
            <entry key="C:/ADP/bitbucket/api" value="PREVIEW" />
            <entry key="C:/ADP/bitbucket/associate-service" value="PREVIEW" />
            <entry key="C:/ADP/bitbucket/consent-page" value="PREVIEW" />
            <entry key="C:/ADP/bitbucket/cors-proxy" value="PREVIEW" />
            <entry key="C:/ADP/bitbucket/dashboard/ServerDashboard" value="PREVIEW" />
            <entry key="C:/ADP/bitbucket/example" value="PREVIEW" />
            <entry key="C:/ADP/bitbucket/fedsso-identification-service-old/user-service" value="PREVIEW" />
            <entry key="C:/ADP/bitbucket/fedsso-identification-service/user-service" value="PREVIEW" />
            <entry key="C:/ADP/bitbucket/identity-provider-service" value="PREVIEW" />
            <entry key="C:/ADP/bitbucket/internal-application-service" value="PREVIEW" />
            <entry key="C:/ADP/bitbucket/marketplace-integration" value="PREVIEW" />
            <entry key="C:/ADP/bitbucket/nexo-api-gateway" value="PREVIEW" />
            <entry key="C:/ADP/bitbucket/nexo/associate-service" value="PREVIEW" />
            <entry key="C:/ADP/bitbucket/organization-service" value="PREVIEW" />
            <entry key="C:/ADP/bitbucket/person-service" value="PREVIEW" />
            <entry key="C:/ADP/bitbucket/schema" value="PREVIEW" />
            <entry key="C:/ADP/bitbucket/scim-client-reactor" value="PREVIEW" />
            <entry key="C:/ADP/bitbucket/scim-server-mock" value="PREVIEW" />
            <entry key="C:/ADP/bitbucket/sign-in-service" value="PREVIEW" />
            <entry key="C:/ADP/bitbucket/synchronization-reactor" value="PREVIEW" />
            <entry key="$USER_HOME$/Downloads/certificate-chain" value="PREVIEW" />
            <entry key="$USER_HOME$/Downloads/lombok/lombok" value="PREVIEW" />
            <entry key="$USER_HOME$/Downloads/spring-mobile-demo" value="PREVIEW" />
            <entry key="C:/personal/github/custom-initializr" value="PREVIEW" />
            <entry key="C:/personal/github/demo" value="PREVIEW" />
            <entry key="C:/personal/github/etag" value="PREVIEW" />
            <entry key="C:/personal/github/instagram-analyzer/instagram-service" value="PREVIEW" />
            <entry key="C:/personal/github/openid-ping-identity" value="PREVIEW" />
            <entry key="C:/personal/github/openid-playground" value="PREVIEW" />
            <entry key="C:/personal/github/scaleable-web-java" value="PREVIEW" />
            <entry key="C:/personal/github/sikuli" value="PREVIEW" />
            <entry key="C:/personal/github/swagger-aggregator" value="PREVIEW" />
            <entry key="C:/personal/github/swagger-aggregator/aggregator" value="PREVIEW" />
            <entry key="C:/personal/github/swagger-aggregator/greeting-service" value="PREVIEW" />
            <entry key="C:/personal/github/twitter-analyzer/twitter-service" value="PREVIEW" />
            <entry key="C:/personal/spring-sandbox/admin-server-service" value="PREVIEW" />
            <entry key="C:/personal/spring-sandbox/config-server-service" value="PREVIEW" />
            <entry key="C:/personal/spring-sandbox/discovery-server-service" value="PREVIEW" />
            <entry key="C:/personal/spring-sandbox/driver-service" value="PREVIEW" />
            <entry key="C:/personal/spring-sandbox/greeting-service" value="PREVIEW" />
            <entry key="C:/personal/spring-sandbox/proxy-service" value="PREVIEW" />
          </map>
        </option>
      </component>
      <component name="RunManager">
        <configuration default="true" type="Applet">
          <option name="POLICY_FILE" value="$APPLICATION_HOME_DIR$/bin/appletviewer.policy" />
          <method v="2">
            <option name="Make" enabled="true" />
          </method>
        </configuration>
        <configuration default="true" type="Application" factoryName="Application">
          <option name="WORKING_DIRECTORY" value="$PROJECT_DIR$" />
          <method v="2">
            <option name="Make" enabled="true" />
          </method>
        </configuration>
        <configuration default="true" type="JUnit" factoryName="JUnit">
          <option name="TEST_OBJECT" value="class" />
          <option name="WORKING_DIRECTORY" value="$MODULE_DIR$" />
          <method v="2">
            <option name="Make" enabled="true" />
          </method>
        </configuration>
        <configuration default="true" type="TestNG">
          <option name="TEST_OBJECT" value="CLASS" />
          <option name="WORKING_DIRECTORY" value="$MODULE_DIR$" />
          <properties />
          <listeners />
          <method v="2">
            <option name="Make" enabled="true" />
          </method>
        </configuration>
      </component>
      <component name="masterDetails">
        <states>
          <state key="ProjectJDKs.UI">
            <settings>
              <last-edited>1.8</last-edited>
              <splitter-proportions>
                <option name="proportions">
                  <list>
                    <option value="0.2" />
                  </list>
                </option>
              </splitter-proportions>
            </settings>
          </state>
        </states>
      </component>
    </defaultProject>
  </component>
</application>