<application>
  <component name="SonarLintGlobalSettings">
    <option name="excludedRules">
      <set>
        <option value="squid:S1488" />
        <option value="squid:SwitchLastCaseIsDefaultCheck" />
      </set>
    </option>
    <option name="sonarQubeServers">
      <list>
        <SonarQubeServer>
          <option name="hostUrl" value="http://cdlcldvmg0020.es.ad.adp.com:9000" />
          <option name="name" value="Sonarqube" />
          <option name="login" value="sonar" />
          <password>dfd9dfc5dfc4dfcbdfd8</password>
          <organizationKey>default-organization</organizationKey>
        </SonarQubeServer>
      </list>
    </option>
  </component>
</application>